{
  "week3-document-refinery-extractions.processing_time_ms": {
    "mean": 80880.58333333333,
    "stddev": 191629.0214332566,
    "n": 60
  },
  "week5-event-sourcing-platform.sequence_number": {
    "mean": 5.0,
    "stddev": 4.836728170358491,
    "n": 100
  }
}